{"cameraMode":{"drawMode":0,"name":"Shaded","section":"Shading Mode"},"sceneLighting":true,"audioPlay":false,"sceneViewState":{"showFog":true,"showMaterialUpdate":false,"showSkybox":true,"showFlares":true,"showImageEffects":true,"showParticleSystems":true,"showVisualEffectGraphs":true,"m_FxEnabled":true},"in2DMode":false,"pivot":{"x":-5.922106742858887,"y":11.16158676147461,"z":22.366901397705079},"rotation":{"x":-0.04947786033153534,"y":-0.008988865651190281,"z":-0.00044531424646265805,"w":0.9987351894378662},"size":35.8772087097168,"orthographic":false}